0,1,2,3,4
Table 2 Ct values of FCoV RNA extracted from clinical samples and the amino acids coded at position 1058 and,,,,
position 1060 in the FCoV S protein (Continued),,,,
Non FIP,71,Tissue,Noneb,Not applicable
,,,Nonea,Not applicable
,,,Nonej,Not applicable
Non FIP,72,Tissue,Noneb,Not applicable
,,,Nonej,Not applicable
,,,Nonel,Not applicable
,,,Noned,Not applicable
,,,Nonec,Not applicable
FIP,26,Tissue,17.1n,UUG (Leu)
FIP,27,Tissue,26.2b,UUG (Leu)
FIP,28,Faeces,19.3,AUG (Met)
,,Tissue,25.5b,UUG (Leu)
,,,26.9j,UUG (Leu)
FIP,30,Tissue,29.3b,UUG (Leu)
FIP,31,Faeces,22.7,AUG (Met)
,,Tissue,22.2f,UUG (Leu)
FIP,32,Faeces,21.0,AUG (Met)
,,Tissue,17.6a,UUG (Leu)
,,,19.2l,UUG (Leu)
,,,26.2b,UUG (Leu)
FIP,34,Tissue,20.4l,UUG (Leu)
FIP,35,Tissue,20.5b,UUG (Leu)
FIP,36,Tissue,31.1l,UUG (Leu)
FIP,37,Faeces,15.8,AUG (Met)
,,Tissue,16.2o,AUG (Met)2
FIP,42,Faeces,19.9,AUG (Met)
,,Tissue,20.4l,UUG (Leu)
,,,21.6b,UUG (Leu)
FIP,43,Tissue,24.1a,CUG (Leu)
FIP,44,Faeces,30.0,AUG (Met)
,,Tissue,19.0p,UUG (Leu)
FIP,45,Tissue,25.0q,UUG (Leu)
,,,27.9r,UUG (Leu)
FIP,46,Faeces,34.2,UUG (Leu)
,,Tissue,31.7l,UUG (Leu)
FIP,47,Faeces,33.3,UUG (Leu)
,,Tissue,19.4s,UUG (Leu)
FIP,49,Faeces,30.9,AUG (Met)
,,Tissue,21.8c,UUG (Leu)
FIP,50,Faeces,None,Not applicable
,,Tissue,16.1c,UUG (Leu)
FIP,53,Faeces,21.9,AUG (Met)
,,Tissue,15.5o,UUG (Leu)
FIP,55,Tissue,17.7c,CUG (Leu)
