0,1,2,3,4,5,6,7,8,9,10,11,12,13,14,15,16,17,18,19,20,21,22,23,24,25,26,27
,,1,1,2,3,7,9,1,1,1,1,1,2,2,2,2,3,3,4,4,4,4,4,4,4,5,5
,,7,8,7,9,2,3,1,2,2,5,7,2,2,7,8,0,8,0,2,3,4,4,4,9,1,1
,,,,,,,,1,1,3,1,2,2,8,6,8,6,4,8,3,2,1,2,7,5,2,3
Meishan,SC-2011-A1,T,T,C,A,A,C,-,C,T,C,-,T,-,T,G,C,C,-,C,-,-,C,-,T,G,C
,SC-2011-A2,T,T,C,A,A,C,C,C,T,C,T,T,-,T,G,C,C,-,C,-,-,C,-,T,G,C
Mianyang,SC-2011-B1,T,T,C,A,A,C,C,C,C,C,T,T,-,T,G,C,C,-,C,-,-,C,-,T,G,C
,SC-2011-B2,T,T,C,A,A,C,C,C,T,C,T,T,-,T,G,C,C,-,C,-,-,C,-,T,G,C
Dazhou,SC-2011-E,T,T,C,A,A,C,C,C,T,C,T,T,-,T,G,C,C,-,C,-,-,C,-,T,G,C
Ziyang,SC-2011-F,T,T,C,A,A,C,C,C,T,C,T,T,C,T,G,C,C,-,C,-,-,C,-,T,G,C
Chengdu,SC-2012-C1,T,T,C,A,A,-,C,C,T,-,T,T,-,T,G,C,C,-,C,-,-,C,-,T,G,C
,SC-2012-C2,T,T,C,A,A,C,C,C,T,-,T,T,C,T,G,C,C,-,C,-,-,C,-,T,G,C
Deyang,SC-2012-D1,T,T,C,A,A,C,C,C,C,C,-,T,C,T,G,C,C,T,-,-,-,C,-,T,G,C
,SC-2012-D2,T,T,C,A,A,C,C,C,C,C,-,T,C,T,G,C,C,T,-,-,-,C,-,T,G,C
Suining,SC-2012-G,T,T,C,A,A,C,C,C,C,C,-,T,C,T,G,C,C,T,-,-,-,C,-,T,G,C
